packages/babel-plugin-remove-graphql-queries, 8, jfrolich Graham42 arcanis janicduplessis stefanprobst philipp-spiess beardedpayton jquense
packages/babel-preset-gatsby, 9, arcanis weareoutman luisFilipePT circlingthesun Graham42 erikdstock paulmelnikow lukewhitehouse philipp-spiess
packages/babel-preset-gatsby-package, 5, grdnrt Graham42 ollelauribostrom alexandernanberg philipp-spiess
packages/cypress-gatsby, 0, 
packages/gatsby, 370, Austaras muescha ThewBear jfrolich rase- Simply007 beliayeu ostwilkens Mike-Dax gilbertoayala12 alexandre-lelain harrygreen aeons pjeziorowski lisajohn132 georgejms cstoddart ediblecode ChristopherBiscardi jbampton coder9604 dennisroethig robin-macpherson michaellopez thekevinbrown ejuo dandv johnstonbl01 Toolo macko911 MarcCoet bsonntag v-hal sever1an zteric afenton90 me4502 nickyfahey mrseanbaines stefanprobst universse izontm d4rekanguok igogo5yo DanielRuf gillkyle ValeraS Schmavery johnletey cometkim akshayymahajan waltercruz ExiaSR jamesjose03 Js-Brecht xavivars Darking360 jstacoder jamo peter-mouland bweston92 stutrek cameron-martin fwielstra theKashey NickyMeuleman kiwimonk spawnia RomanHotsiy Everspace RIP21 florinme cephalization adrw ashr81 datakurre samuelraub missmatsuko kittenking MunifTanjim ryanditjia ahfarmer alexluong CYBAI amberleyromo arcanis mathiassoeholm aemonm k3rn31p4nic minho42 Moocar cranberyxl mmirus abhijithvijayan daniloster lovell robertcoopercode monsieurnebo lannonbr thomascorthouts grantglidewell taminif BrunoScheufler wKovacs64 orta JamesMessinger agentofuser CanRau quinnmcphail samscha frinyvonnick jgalat ryandrew14 Anthony Marcar whs-dot-hk sbardian neo RikoSmith RickBr0wn jlengstorf tterb mikaelkristiansson johno bennetthardwick himynameistimli LubomirGeorgiev danielkov edykim janicduplessis ryancharris dominicfallows piotrkwiecinski jbolda marcysutton jariz NickCis mgmolisani saranshkataria joshdcuneo paulmelnikow alexandernanberg joostdecock zauni edgarnansen sibiraj-s jonlow Saifadin harryparkdotio jordanoverbye markusguenther pqt jquense Sekhmet rexxars Ehesp smurrayatwork apaleslimghost hugovk Dipeshwagle jgierer12 wconnorwalsh ZYSzys victor-cordova addyosmani Ikana shelldandy oorestisime lundgren2 alvis leimonio palerdot jafaircl chmac lipis suryapeddineni juliansthl Takumon zvinless jedrichards massivelines rametta dweirich philipp-spiess ryota-murakami travi ghardin137 haroldangenent Seldszar shanekenney andrewnester antonhalim porfirioribeiro ojeytonwilliams akadop rbadr melanieseltzer outofthisworld taktran lbogdan zanedev Sam Herrington alpgumus ErisDS ascorbic azdanov flegall mikelax dannywils tryzniak sktt ardeois Yurickh oltodo kakadiadarpan eLod onnovisser kkemple thebigredgeek octalmage haroldhues tsriram kripod bmihelac eqyiel thefifthisa thibautRe fusepilot chuntley ylorenzana beardedpayton Ryandi Tjia trvsysadmin franz899 langovoi brotzky szimek LegNeato dennari sudodoki smartindupont just-boris MichaelZoerner axe312ger thescientist13 ng-hai resir014 mathieudutour nodox crgeary martynhoyer andrewhickey Calderis SebastienBelmon fredrik-sogaard slorber deltaskelta nathanforce graysonhicks michaek docwhat grantmoran sielay vprasanth erquhart fabe TuckerWhitehouse anjawaldbauer paulathevalley machour danielberndt hugurp busticated greglobinski lauriejones salmanmanekia ahmadnassri alvinthen monkbroc nsimonson stevensurgnier calcsam danielfarrell farcaller fk kpollich eramdam Khaledgarbaya reccanti luczaki114 danoc pwener johnwalley tomazy Justin Schulz Philipp Czernitzki nadiia lsirivong nickmccurdy ptb ViliamKopecky emmafallancy alampros blake-simpson abumalick barraq bvaughn daniel-simpson sebastienfi JLongley djpowers scottyeck Bouncey Timer wagoid xjlim andykenward jasonphillips sprmn kpman singuerinc djm mickeyreiss aliaksejenka ryanflorence briced iv-mexx IrregularShed dardub tw-360vier oscar-b mpartipilo swim ThieryMichel Zalastax cyrilepinat carlwoodward dan-weaver arekkas nickguletskii Daniel Farrell mingaldrichgan 3axap4eHko ntaylor89 deniaz nhunzaker atrauzzi nihgwu okcoker nickmaltsev whmountains bskimball jorishermans Craig Mulligan Akh0 vovaguguiev variadicintegrity gregsqueeb felixjung jakedeichert iansinnott samzhao kimown levibuzolic camsjams 0x80 fabien0102 johann-sonntagbauer secretfader donysukardi noahlange
packages/gatsby-cli, 86, CollierCZ muescha shisama styfle devrelm maciejkorolik ChristopherBiscardi RobinCsl jmsv johnstonbl01 v-hal Mrigank11 anikethsaha eulercamposbarros sonapraneeth-a izontm igogo5yo DanielRuf LOLdevelopr vreddy448 jbampton anamritraj rishabh3112 cglong evolkmann jamo cephalization marcos-abreu arcanis Seldszar CYBAI n8finch moonmeister Graham42 iansu YungTosti gillkyle leonlafa trevorlitsey frinyvonnick ryandrew14 FrederikBolding pyaillet mayaarguelles mpartipilo Anthony Marcar jamesgeorge007 stefanprobst anthonytranDev yogeshkotadiya ryancharris kaelig caulagi joshdcuneo ZYSzys 0x80 lipis philipp-spiess mslooten mikelax kkemple jquense beardedpayton mquandalle Moocar tabrindle Calderis deltaskelta yandavid tsriram sielay alexparish vprasanth fabe lourd yeskunall jmoujaes calcsam davidjb cricrio VinSpee sebastienfi Zalastax 102 kbrgl michaek
packages/gatsby-codemods, 11, muescha moonmeister Graham42 adarshlilha lipis philipp-spiess siakaramalegos Sam Herrington mikelax tsriram jquense
packages/gatsby-core-utils, 2, RobinCsl v-hal
packages/gatsby-cypress, 6, robinmetral moonmeister Graham42 jlengstorf lannonbr marcysutton
packages/gatsby-design-tokens, 1, fk
packages/gatsby-dev-cli, 26, pjeziorowski harikrishnana2021 abinjoseph2021 ChristyOommen kittenking CYBAI moonmeister Graham42 minho42 marcysutton amad-person lipis philipp-spiess chadfawcett mikelax stefanprobst Leslie Cohn-Wein beardedpayton lourd benjaminhoffman jquense fk Vagr9K scottyeck 0x80 fabien0102
packages/gatsby-graphiql-explorer, 3, herecydev Graham42 robinmetral
packages/gatsby-image, 85, timhagn dcastil jamessimone gillkyle Jinksi nathanfoon jamesjose03 glennreyes bjfresh sagarnasit emyarod ManoelLobo moonmeister Graham42 brimtown anonimoconiglio MassivDash marcysutton janKir polarathene kripod orta frinyvonnick jbampton ooloth thebuilder wconnorwalsh alexandernanberg Digetal tbrannam CarlRosell patrickcameron rexxars DanielRuf oorestisime juliettepretot alexkirsz Kalle Ott beeingparth lipis baukevanderlaan yeskunall grantmoran philipp-spiess kybradeck antonhalim mikelax cweeii msssk ChangoMan stefanprobst shobhitchittora beardedpayton joseph-cloudthing btmills axe312ger jgautsch ohbarye Strangehill osartun tremby lourd daugsbi tsriram dannywils tulikavijay nsimonson benjaminhoffman Ben Forshey stefanoverna 3CordGuy lsirivong Shaid athomann JacobBlomgren Fetten fk crgeary dardub EmilTholin lachlanjc calcsam MarcCoet jquense foggy1
packages/gatsby-link, 60, phacks jamesgeorge007 endormi ManoelLobo moonmeister Graham42 orta arcanis ollelauribostrom piotrkwiecinski sibiraj-s DanielRuf oorestisime alexandernanberg philipp-spiess lauriejones Simon-Tang lipis stefanprobst joltmode tsriram sktt porfirioribeiro ascorbic beardedpayton kkemple jigz ohbarye tremby lourd nsimonson alvis denster zionis137 resir014 sarahatwork codekiln Shaid djpowers bernard-lin mcallistersean kripod markmichon jquense aksharpatel47 iv-mexx nhunzaker nickmaltsev benmccormick DominikGuzei DaleWebb jakedeichert ahfarmer Vagr9K abi timsuchanek Daniel Farrell fabien0102 scottyeck 0x80
packages/gatsby-page-utils, 7, jbampton sujinjoshi ChristyOommen CYBAI moonmeister Graham42 frinyvonnick
packages/gatsby-plugin-canonical-urls, 17, stefanprobst kittenking moonmeister Graham42 Ehesp bryndyment sibiraj-s philipp-spiess siakaramalegos azdanov beardedpayton danhounshell lourd tsriram arielger jquense dlindahl
packages/gatsby-plugin-catch-links, 35, muescha open-source-explorer jbampton universse benetto1999 fboechats moonmeister Graham42 minho42 ChristopherBiscardi liamness bryndyment jordanoverbye sibiraj-s Bassetts lipis philipp-spiess ahinrichs rscott Sam Herrington azdanov jlengstorf tryzniak youngboy shobhitchittora beardedpayton jquense ajayns ohbarye lourd nadiia tsriram TomiTakussaari johann-sonntagbauer 0x80
packages/gatsby-plugin-coffeescript, 11, moonmeister Graham42 sibiraj-s philipp-spiess beardedpayton giladronat lourd tsriram jquense 0x80 noahlange
packages/gatsby-plugin-create-client-paths, 13, jbampton muescha moonmeister Graham42 sibiraj-s philipp-spiess i8ramin beardedpayton giladronat lourd tsriram dominicfallows scottyeck
packages/gatsby-plugin-cxs, 10, moonmeister Graham42 ollelauribostrom cokencode sibiraj-s suryapeddineni ctxhou lourd tsriram jquense
packages/gatsby-plugin-emotion, 22, muescha moonmeister Graham42 arcanis ollelauribostrom 17cupsofcoffee sibiraj-s ChristopherBiscardi wKovacs64 philipp-spiess mitchellhamilton HusseinMorsy beardedpayton gabefromutah lourd Max Rozen alexlafroscia tsriram johnbrett flexzuu jquense rawrmonstar
packages/gatsby-plugin-facebook-analytics, 11, jbampton kittenking moonmeister Graham42 keithcrooks adarshlilha ollelauribostrom sibiraj-s philipp-spiess beardedpayton yeion7
packages/gatsby-plugin-feed, 35, matyo91 eyalroth arnau kittenking moonmeister rdela Graham42 aemonm owlypixel csellis laysent gregrickaby Anthony Marcar CanRau marcysutton sibiraj-s tyhopp philipp-spiess edykim oorestisime dominicfallows beardedpayton daydream05 kkosuge Calderis Undistraction jonavila lourd jiahaog tsriram secretfader briced jquense chiedo mericsson
packages/gatsby-plugin-flow, 7, moonmeister Graham42 arcanis adarshlilha ollelauribostrom siakaramalegos thebigredgeek
packages/gatsby-plugin-fullstory, 10, alampros albin22 moonmeister Graham42 adarshlilha ollelauribostrom sibiraj-s philipp-spiess beardedpayton deltaskelta
packages/gatsby-plugin-glamor, 16, moonmeister Graham42 minho42 arcanis sibiraj-s philipp-spiess beardedpayton lourd tsriram jquense kentcdodds DaleWebb jaredly fk 0x80 djm
packages/gatsby-plugin-google-analytics, 43, malcolm-kee koss-lebedev laradevitt robmarshall ThomasJanUta ganapativs crazko jamesjose03 tinder-kyleboss Simon-Tang moonmeister Graham42 AustinLeeGordon BPScott muescha orta pgilad matthewrfindley bryndyment jorgenblindheim sibiraj-s tdharmon asistapl vanhoofmaarten rotexhawk philipp-spiess jonhorton mattwexa yom-ko beardedpayton valse Ryandi Tjia deltaskelta longsangstan karlsander lourd Sekhmet tsriram ntwcklng dagrinchi jquense camsjams 0x80
packages/gatsby-plugin-google-gtag, 16, sheepsteak moonmeister Graham42 minho42 orta BPScott JacobBlomgren ilyagru sibiraj-s talolard tylerbuchea valse amberleyromo suryapeddineni Moocar Seldszar
packages/gatsby-plugin-google-tagmanager, 25, dewen endymion1818 chilic moonmeister Graham42 Carsten minho42 zslabs ryandrew14 NoriSte CanRau alexjsdev spwisner sibiraj-s Scott McAllister philipp-spiess beardedpayton ssanchez deltaskelta all9lives lourd tsriram benjaminhoffman jquense 0x80
packages/gatsby-plugin-guess-js, 11, Mrigank11 omonk Tian94 moonmeister Graham42 Moocar adarshlilha sibiraj-s philipp-spiess beardedpayton mgechev
packages/gatsby-plugin-jss, 15, moonmeister Graham42 bjm904 sibiraj-s DanielRuf dweirich philipp-spiess beardedpayton 3axap4eHko lourd tsriram benjaminhoffman jquense vovaguguiev jorishermans
packages/gatsby-plugin-layout, 19, muescha eghan moonmeister Graham42 adarshlilha iamkevingreen AlexanderProd lundgren2 lipis birkir msachi philipp-spiess siakaramalegos Sam Herrington tsriram lfurzewaddock jlengstorf kylecesmat baukevanderlaan
packages/gatsby-plugin-less, 17, ChristyOommen wangyi7099 moonmeister Graham42 slorber sibiraj-s jonlow philipp-spiess yeskunall azdanov beardedpayton jquense lourd daniman barskern tsriram mingaldrichgan
packages/gatsby-plugin-lodash, 8, moonmeister Graham42 sibiraj-s philipp-spiess beardedpayton lourd tsriram benjaminhoffman
packages/gatsby-plugin-manifest, 45, muescha lewislbr jbampton dkthehuman jelefra albin-jose moonmeister Graham42 CanRau lipis Chuck me4502 keidrun kripod github0013 dominicfallows bryndyment yogeshkotadiya rgiese sibiraj-s gurpreet-hanjra ivorpad DZuz14 datakurre philipp-spiess oorestisime tomByrer zauni AndersDJohnson 416serg beardedpayton AurelioDeRosa swashata Calderis halkeye dojineko alampros lourd tsriram benjaminhoffman canastro NerdCowboy jquense fk 0x80
packages/gatsby-plugin-mdx, 52, muescha StanEgo alexluong jquense aravindballa thchia d4rekanguok tureki universse Eddie-CooRo johno mathieudutour trevorblades PedroLamas yamalight r-i-c-h zkochan stefanprobst lannonbr wangyi7099 CrashWire XHMM CYBAI jonathanphz amberleyromo Graham42 minho42 ChristopherBiscardi Kadrei nevik redallen JesseFarebro nokome Alexander Nanberg alexandernanberg avigoldman AlmeroSteyn mmmaaatttttt kentcdodds benjie pascal-kubrick Ehesp JamesMessinger jlengstorf danielberndt danielhusar MaxDesiatov rdrey devdigital ziegfried youngboy ryaninvents
packages/gatsby-plugin-netlify, 42, vaporwavy open-source-explorer jonathonlui visualfanatic antoinerousseau sw-yx Jhony0311 CYBAI moonmeister Graham42 cameron-martin smakosh jbampton mihaiblaga89 browniebroke krismorf DanielRuf joostdecock sibiraj-s alexandernanberg matthieuauger lipis philipp-spiess c0b41 RobertWSaunders mikelax kakadiadarpan wKovacs64 stripeyjumper beardedpayton tomyfalgui Calderis lourd frankmarineau tsriram benjaminhoffman zionis137 Ben Forshey avigoldman bvaughn jquense sebastienfi
packages/gatsby-plugin-netlify-cms, 26, zslabs erezrokah rwu823 emanueleperuffo tdukart CYBAI chrisjpatty moonmeister Graham42 erquhart vanhoofmaarten talves petrpacas sondrele asistapl alexandernanberg lipis c0b41 philipp-spiess Undistraction beardedpayton loremipson danielmahon lourd Martyn Hoyer tsriram
packages/gatsby-plugin-no-sourcemaps, 7, ZionDials moonmeister Graham42 sibiraj-s antonhalim lourd Bouncey
packages/gatsby-plugin-nprogress, 11, moonmeister Graham42 ollelauribostrom sibiraj-s philipp-spiess beardedpayton lourd tsriram peduarte jquense fk
packages/gatsby-plugin-offline, 39, samlogan open-source-explorer trevorblades lewislbr mathiasvr rexxars JulienPradet jkjustjoshing gillkyle CYBAI moonmeister Graham42 abhijithvijayan zakdoek Moocar hupe1980 jgierer12 ubergesundheit lipis akinsbo greybax philipp-spiess jeffposnick GuyKh sktt mottox2 janosh kkemple beardedpayton Calderis kaumac lourd tsriram youanden jquense 3axap4eHko VincentBel 0x80 fabien0102
packages/gatsby-plugin-page-creator, 15, vaporwavy CYBAI moonmeister Graham42 frinyvonnick paulmelnikow Warped2713 lannonbr yogeshkotadiya sibiraj-s lipis philipp-spiess mikelax beardedpayton nodox
packages/gatsby-plugin-postcss, 10, mdreizin moonmeister Graham42 magicspon sibiraj-s jonlow philipp-spiess azdanov Defite jquense
packages/gatsby-plugin-preact, 22, nimaa77 vitordino JoviDeCroock jbampton sndrs gustavpursche moonmeister Graham42 rayriffy knowler seaneking ollelauribostrom sibiraj-s philipp-spiess antonhalim beardedpayton lourd tsriram markmichon djhi jquense 0x80
packages/gatsby-plugin-preload-fonts, 3, muescha universse superhawk610
packages/gatsby-plugin-react-css-modules, 17, moonmeister Graham42 sibiraj-s DanielRuf philipp-spiess Tom Rasmussen lipis kakadiadarpan hellobrian beardedpayton Sean King giladronat lourd tsriram jquense NerdCowboy mingaldrichgan
packages/gatsby-plugin-react-helmet, 18, muescha Nighthawk14 moonmeister Graham42 ryandrew14 ollelauribostrom AchillesKal sibiraj-s Ehesp Ganevru lundgren2 philipp-spiess beardedpayton calcsam lourd tsriram jlengstorf jquense
packages/gatsby-plugin-remove-trailing-slashes, 18, muescha moonmeister Graham42 opeah bryndyment stefanprobst sibiraj-s lipis philipp-spiess dakebl siakaramalegos oorestisime beardedpayton giladronat lourd tsriram benjaminhoffman scottyeck
packages/gatsby-plugin-sass, 31, nextlevelshit nikoladev dillonbrowne abumalick tkbky Js-Brecht trumbitta carlosruana moonmeister Graham42 gillkyle sibiraj-s jonlow kristiehowboutdat Moocar dustinhorton philipp-spiess azdanov fardarter beardedpayton jquense deltaskelta giladronat erquhart lourd tsriram DisruptiveMind mingaldrichgan Daniel Farrell smh 0x80
packages/gatsby-plugin-schema-snapshot, 1, stefanprobst
packages/gatsby-plugin-sharp, 66, muescha rileymiller FailedSitcom jbutz emilpalsson jbampton kimbaudi kevinastone andygock smurrayatwork CYBAI moonmeister Graham42 Annnnnieee minho42 brimtown cpboyd cwgw oorestisime thecodingaviator nikoladev jlengstorf Chuck Anthony Marcar fk VGoose polarathene dominicfallows sbardian sibiraj-s ascorbic huntercaron FineWolf martin-css Moocar Sekhmet philipp-spiess Fetten mikelax millette Windvis danielberndt beardedpayton Mike-Dax cupojoe signalwerk Calderis axe312ger CanRau shaunbent busticated lourd RobertBolender Betree tsriram dannywils Ben Forshey bripkens bvaughn jquense agoldenduck Chiedo 0x80 scottyeck fabien0102 jamiebuilds
packages/gatsby-plugin-sitemap, 39, dhakerShivnarayan jelefra doc-han fraserisland wktk moonmeister Graham42 kmelve sbardian bennetthardwick rnitta muescha tomoyukikashiro nextlevelshit sibiraj-s MartinHelmut philipp-spiess Benjamin ABEL tryzniak beardedpayton Calderis davidgomes lightstrike rmehner szimek rdrnt jonavila lourd Fetten tsriram danoc jurosh busticated learnercys jquense Vagr9K chiedo secretfader fk
packages/gatsby-plugin-styled-components, 13, moonmeister Graham42 sibiraj-s LoicMahieu philipp-spiess paulcoyle beardedpayton giladronat lourd tsriram sebastienfi jquense gutenye
packages/gatsby-plugin-styled-jsx, 13, moonmeister Graham42 sibiraj-s philipp-spiess Sean King beardedpayton giladronat lourd tsriram zgreen gui jquense timsuchanek
packages/gatsby-plugin-styletron, 14, moonmeister Graham42 tajo sibiraj-s philipp-spiess lipis beardedpayton ohbarye ptb lourd moimikey tsriram nadiia jquense
packages/gatsby-plugin-stylus, 18, ChristyOommen alan755 moonmeister Graham42 sibiraj-s jonlow philipp-spiess azdanov anantoghosh beardedpayton jquense fraed giladronat lourd tsriram mingaldrichgan nkohari iansinnott
packages/gatsby-plugin-subfont, 5, moonmeister Graham42 adarshlilha violy philipp-spiess
packages/gatsby-plugin-twitter, 11, moonmeister Graham42 tmadeira ollelauribostrom sibiraj-s philipp-spiess siakaramalegos beardedpayton lourd tsriram jquense
packages/gatsby-plugin-typescript, 27, bighuggies lsanwick Austaras nimaa77 shSina moonmeister Graham42 arcanis iwgx jbampton ollelauribostrom sibiraj-s colebemis philipp-spiess orta resir014 beardedpayton deltaskelta giladronat lourd farcaller tsriram Justin Schulz jquense fabien0102 0x80 noahlange
packages/gatsby-plugin-typography, 15, moonmeister Graham42 eostrom danielkov sibiraj-s Ronva Sekhmet philipp-spiess Doocey beardedpayton lourd foggy1 tsriram jquense JGameCreation
packages/gatsby-react-router-scroll, 16, moonmeister Graham42 minho42 hentielouw aengl sibiraj-s philipp-spiess kkemple beardedpayton ohbarye lourd calcsam ptb kale-io emmafallancy jquense
packages/gatsby-remark-autolink-headers, 24, Rikpat guyathomas stefanprobst CYBAI moonmeister Graham42 yunabe windkomo marcysutton sibiraj-s lipis philipp-spiess siddharthkp Takumon jonsuh Ryandi Tjia beardedpayton RobinCsl arsdehnel yuheiy lourd klxd djpowers jquense
packages/gatsby-remark-code-repls, 15, muescha jbampton moonmeister Graham42 deblasis krzysztofpniak phacks sibiraj-s alexandernanberg philipp-spiess cyan33 beardedpayton lourd Undistraction bvaughn
packages/gatsby-remark-copy-linked-files, 35, muescha jbampton kimbaudi vzhou842 CYBAI moonmeister Graham42 jbeuckm trevorblades sibiraj-s janmonschke philipp-spiess mikelax beardedpayton kruton cupojoe Calderis CanRau seryl lourd RobertBolender calcsam benjaminhoffman fk Undistraction stevensurgnier 3CordGuy Zalastax 3axap4eHko gitim jakedeichert chiedo jquense jorishermans Chiedo
packages/gatsby-remark-custom-blocks, 13, muescha Zulcom moonmeister Graham42 sibiraj-s alexandernanberg vadimshvetsov philipp-spiess beardedpayton giraffesyo wuweiweiwu lourd Mohammad Asad Mohammad
packages/gatsby-remark-embed-snippet, 18, muescha kimbaudi moonmeister Graham42 timhagn ErisDS sibiraj-s alexandernanberg washingtonsoares phacks philipp-spiess tryzniak beardedpayton docwhat Undistraction deltaskelta lourd bvaughn
packages/gatsby-remark-graphviz, 10, moonmeister Graham42 raulrpearson laysent sibiraj-s lipis philipp-spiess Takumon antonhalim Moocar
packages/gatsby-remark-images, 53, muescha rogermparent fionawhim marktron dsewnr kimbaudi mathieudutour gabefromutah PedroLamas akselinurmio danielj41 CYBAI moonmeister Graham42 JoshuaWalsh joshuaavalon ajschmidt8 chasemccoy oorestisime ChristopherBiscardi FrederikBolding jamessimone florinpop17 CanRau lannonbr tlent anotherjames sibiraj-s artbycrunk jamesadarich philipp-spiess emilbruckner lipis antonhalim mikelax iamhitarth jlengstorf beardedpayton Mike-Dax jsjoeio deltaskelta stou lourd kripod jamieleung jimt bripkens 3axap4eHko chiedo jquense fk viatsko jorishermans
packages/gatsby-remark-images-contentful, 18, muescha jdcataldo CYBAI Graham42 minho42 gmertk rayriffy Chuck AlbericTrancart janosh sibiraj-s markza BayPhillips lipis antonhalim mikelax beardedpayton Khaledgarbaya
packages/gatsby-remark-katex, 15, acagastya muescha moonmeister Graham42 sibiraj-s hexrcs philipp-spiess beardedpayton thomaskuntzz lourd macocha dominicchapman fk jquense jeffrey-xiao
packages/gatsby-remark-prismjs, 44, exclipy patricksimonian jbampton dcgoodwin2112 christyoommenvarghese petejohanson elken moonmeister Graham42 minho42 muescha david-nossebro rivergillis ojeytonwilliams arturfsousa sibiraj-s chitoku-k JasonEtco DanielRuf washingtonsoares albertod Tim Broder phacks philipp-spiess lipis timroes nyeong tryzniak fakedalia beardedpayton drenther thibmaek rbayliss docwhat HarrisJT tkjone lourd fyrkant benjaminhoffman prichey jquense VincentBel bvaughn fk
packages/gatsby-remark-responsive-iframe, 17, d4rekanguok CYBAI moonmeister Graham42 minho42 johno sibiraj-s sabbiu philipp-spiess mikelax beardedpayton slorber lourd 3axap4eHko Undistraction jquense eddywashere
packages/gatsby-remark-smartypants, 10, agin19 moonmeister Graham42 sibiraj-s philipp-spiess beardedpayton lourd jquense fk mitchejj
packages/gatsby-source-contentful, 78, daugsbi muescha peabnuts123 TuckerWhitehouse tmaximini ogaston jbampton dylanjha gempi mikekono gillkyle tuliofaria froddd christy19 kittenking CYBAI loremipson moonmeister Graham42 disintegrator aemonm minho42 choffmeister bigfanjs chillax LuudJanssen sbezludny rayriffy Anthony Marcar stoltzrobin ryanditjia evanwinter polarathene piotrkwiecinski stefanprobst brosapinto DanielRuf tunap jserrao Khaledgarbaya cjpete mottox2 macklinu alexandernanberg Moocar nonzeronucleus iTechsTR yeskunall philipp-spiess mikelax deammer robinpyon martimarkov beardedpayton tylermenezes Ryandi Tjia jreidgreer axe312ger flaviolivolsi mklan szimek coreyward daydream05 mattpham lourd nsimonson ghardin137 sarahatwork lsirivong fk oscar-b hirviid anaibol jquense gabefromutah snulvin Smiter mericsson
packages/gatsby-source-drupal, 33, mglaman thornyweb jbampton grantglidewell timhagn xaviemirmon skippednote kaylasween CYBAI moonmeister Graham42 hanoii rayriffy bakeruk aposudevsky charlyx eojthebrave sibiraj-s vermario gatis dcorb yeskunall philipp-spiess mikelax tmccombs beardedpayton gillkyle lourd mprihoda Tyler Funk dubcanada jquense swim
packages/gatsby-source-faker, 16, muescha jbampton moonmeister Graham42 lucasdeassis alexandernanberg DZuz14 philipp-spiess beardedpayton Ryandi Tjia Whaitiri giladronat lourd mouafa Haroenv pksjce
packages/gatsby-source-filesystem, 55, muescha jbampton Andarist stefanprobst moonmeister Graham42 Simonpedro d4rekanguok superhawk610 woodgear violy antoinerousseau orta samscha iFlameing DarioDiem skinandbones sibiraj-s oorestisime hbish brxck Haroenv lipis Moocar thorn0 philipp-spiess goofytroopy i-like-robots Mike-Dax nihgwu oltodo kkemple kellylawrence beardedpayton fabe cezarneaga zhawkins Calderis ajayns AurelioDeRosa tsimons lourd mbeaudru tsriram benjaminhoffman html5cat flmuel Undistraction jquense thisiscam danoc Rulikkk 0x80 brentvatne fabien0102
packages/gatsby-source-graphql, 21, yaacovCR cranberyxl dandv stefanprobst spawnia kittenking moonmeister Graham42 Flintlozk frinyvonnick janicduplessis piotrkwiecinski sibiraj-s xadamy philipp-spiess sedubois stevector orta maartenbusstra Khaledgarbaya jquense
packages/gatsby-source-hacker-news, 13, CYBAI moonmeister Graham42 rayriffy frinyvonnick sibiraj-s philipp-spiess mikelax beardedpayton lourd jquense scottyeck 0x80
packages/gatsby-source-lever, 17, jbampton CYBAI moonmeister Graham42 rayriffy frinyvonnick DanielRuf sibiraj-s alexandernanberg philipp-spiess mikelax kkemple beardedpayton lourd danielfarrell jquense sebastienfi
packages/gatsby-source-medium, 14, moonmeister Graham42 rayriffy charlyx sibiraj-s alexandernanberg philipp-spiess mikelax seaburrows beardedpayton lourd racedale pedrouid deniaz
packages/gatsby-source-mongodb, 24, vladzagorski wzard senorpedro moonmeister Graham42 minho42 elmarburke romulomachado wesleylhandy harshil1712 sibiraj-s raulrpearson nero2009 Moocar michalczaplinski philipp-spiess mikelax beardedpayton ManuelHaag lcostea tsmith123 lourd jquense jorishermans
packages/gatsby-source-npm-package-search, 9, jbampton Graham42 frinyvonnick sibiraj-s philipp-spiess zebapy beardedpayton Haroenv gillkyle
packages/gatsby-source-shopify, 18, miracle2k Juan Ferreras stoufa88 paveli mimibar martingtheodo kellyvaughn CYBAI moonmeister Graham42 minho42 stevenwu cj2 ryansandalboyz elrumordelaluz DanielRuf jlengstorf angeloashmore
packages/gatsby-source-wikipedia, 11, moonmeister Graham42 minho42 rayriffy adarshlilha frinyvonnick sibiraj-s philipp-spiess fhavrlent beardedpayton mgechev
packages/gatsby-source-wordpress, 88, paweljedrzejczyk muescha harithesolotraveller maktouch ryanfiller jbampton akljohny billyjacoby ARXChrono TitanNano kittenking himynameistimli CYBAI moonmeister Graham42 karlsander minho42 STUkh rayriffy kmcaloon frinyvonnick maru3l Carsten lukemorton sarahannnicholson thien-hoang DylanTackoor riddla HurricaneInteractive keidrun Stefan Meier rotexhawk sibiraj-s hencatsmith alexandernanberg gurpreet-hanjra hugovk holyjak lundgren2 Martin HÃ¤hnel jchiatt yeskunall gustavpursche philipp-spiess justsml maxlapides jordyvg lightstrike jonsuh lazharichir mikelax jdoubleu Khristophor DanArpoika beardedpayton moshie dustinhorton mottox2 sebastienfi Adam-Mould crgeary Fetten Victor kennethormandy joshsmith01 tsimons hu0p rbachleitner lourd danielfarrell flmuel Brandon Konkle sarahatwork ravikiran438 bshyong SilasOtoko nickfranciosi tw-360vier jquense imagentleman arthurpark calcsam corysimmons hugo-fonseca alexbassy owenhoskins jorishermans Alaev
packages/gatsby-telemetry, 12, rase- jamo RobinCsl jbampton jamesjose03 alexluong CYBAI moonmeister Graham42 frinyvonnick arcanis stefanprobst
packages/gatsby-theme, 2, georgejms7 ChristopherBiscardi
packages/gatsby-theme-blog, 5, nakah stephenparish pjeziorowski apolopena Qovaros985
packages/gatsby-theme-blog-core, 0, 
packages/gatsby-theme-notes, 2, muescha pjeziorowski
packages/gatsby-transformer-asciidoc, 9, tokutoku3 six7 CYBAI moonmeister Graham42 lask79 Anthony Marcar jtanguy DanielOliver
packages/gatsby-transformer-csv, 15, muescha Mike-Dax moonmeister Graham42 sibiraj-s stefanprobst lipis philipp-spiess rbadr macklinu beardedpayton SebastienBelmon lourd jquense ssonal
packages/gatsby-transformer-documentationjs, 12, jquense minho42 moonmeister Graham42 jbampton stefanprobst devongovett sibiraj-s philipp-spiess mikelax beardedpayton lourd
packages/gatsby-transformer-excel, 15, moonmeister Graham42 frinyvonnick bryndyment sibiraj-s stefanprobst wendo philipp-spiess mikelax tsriram beardedpayton pgegenfurtner SebastienBelmon lourd SheetJSDev
packages/gatsby-transformer-hjson, 11, muescha stefanprobst moonmeister Graham42 frinyvonnick sibiraj-s philipp-spiess beardedpayton lourd 3CordGuy barraq
packages/gatsby-transformer-javascript-frontmatter, 19, moshie moonmeister Graham42 frinyvonnick Kikobeats sibiraj-s damassi lipis philipp-spiess rfbotto antonhalim macklinu beardedpayton noeleont CanRau Oleh Chemerskyi lourd jbolda cwgw
packages/gatsby-transformer-javascript-static-exports, 11, christyoommenvarghese moonmeister Graham42 frinyvonnick sibiraj-s philipp-spiess antonhalim beardedpayton lourd jbolda jquense
packages/gatsby-transformer-json, 23, muescha Tareef Mando moonmeister Graham42 sibiraj-s stefanprobst philipp-spiess rbadr coreyward eLod macklinu millette beardedpayton webOS101 DJTB lourd jquense signalwerk phil-r r1b michaeltmiller Khaledgarbaya 0x80
packages/gatsby-transformer-pdf, 11, muescha jamesjose03 moonmeister Graham42 sibiraj-s lipis philipp-spiess bmihelac AlexMunoz lourd jquense
packages/gatsby-transformer-react-docgen, 20, muescha jbampton jquense Sly321 CYBAI moonmeister Graham42 frinyvonnick sibiraj-s alexandernanberg johno philipp-spiess mikelax beardedpayton giladronat nihgwu lourd Philipp Czernitzki scottyeck danoc
packages/gatsby-transformer-remark, 67, orta Ameobea samrae7 Austaras stephencweiss mathieudutour paqe stefanprobst nguyenami saschwarz Patouche kittenking trevorblades CYBAI moonmeister Graham42 xavivars mxxk nihgwu riywo macklinu samscha chitoku-k alexkirsz diegohaz saranshkataria byzanth nadrane wongmjane sparshy lipis Moocar philipp-spiess mslooten i-like-robots millette oorestisime mikelax kakadiadarpan youngboy giraffesyo beardedpayton Khaledgarbaya alexluong thomaskuntzz DxCx deltaskelta lourd bodia-uz ryaninvents elboman reccanti JulianMayorga Mohammad Asad Mohammad Ben Forshey craigmcginley Swizec nwshane Seavenly fk kripod jquense colynb bripkens jeffrey-xiao benmccormick 0x80
packages/gatsby-transformer-screenshot, 15, cone56 KorawitRupanya moonmeister Graham42 rayriffy joshdcuneo apvarun lipis Moocar philipp-spiess jumpalottahigh ThatOtherPerson amberleyromo beardedpayton lourd
packages/gatsby-transformer-sharp, 41, daugsbi muescha tmaximini FailedSitcom stefanprobst gillkyle jokokoloko moonmeister Graham42 cpboyd oorestisime Chuck VGoose polarathene arcanis sbardian ascorbic Moocar philipp-spiess nikoladev macklinu Windvis cezarneaga beardedpayton erquhart jsjoeio Calderis axe312ger CanRau lourd RobertBolender html5cat fk Fetten 3axap4eHko jquense agoldenduck jorishermans chiedo whmountains 0x80
packages/gatsby-transformer-sqip, 13, agin10 jbutz DanielRuf axe312ger moonmeister Graham42 rayriffy adarshlilha Anthony Marcar sibiraj-s alexandernanberg philipp-spiess beardedpayton
packages/gatsby-transformer-toml, 12, jbampton moonmeister Graham42 arnau charlyx sibiraj-s stefanprobst philipp-spiess macklinu beardedpayton lourd jquense
packages/gatsby-transformer-xml, 16, harikrishnana2021 CYBAI moonmeister Graham42 violetamenendez sibiraj-s stefanprobst lipis philipp-spiess rbadr mikelax macklinu beardedpayton lourd jquense Khaledgarbaya
packages/gatsby-transformer-yaml, 23, muescha jbampton igorakkerman CYBAI moonmeister Graham42 MeLlamoPablo sibiraj-s stefanprobst lipis philipp-spiess nathan78906 mikelax macklinu beardedpayton DJTB lourd Charon77 jquense signalwerk r1b alampros 0x80
packages/gatsby-utils, 1, Graham42
packages/graphql-skip-limit, 11, moonmeister Graham42 janicduplessis Ikana philipp-spiess dominicfallows beardedpayton lourd benjaminhoffman jquense 0x80
